Workbook

Sheet Purchases
B1: YASH ENTERPRISES | C1: JUBILANT
B2: Date | C2: 31.03.2026
B3: Bill No | C3: UP251006053
A4: Sr. No. | B4: Jubifix | C4: Qty | D4: Qty | E4: Qty | F4: Qty | G4: Qty | H4: Qty | I4: Qty | J4: Qty | K4: Qty | L4: Qty | M4: Qty | N4: Qty | O4: Qty | P4: Qty | Q4: Qty | R4: Qty | S4: Qty | T4: Qty | U4: Qty | V4: Grand Total
A5: 1 | B5: JUBIFIX ACRO BLACK 450 GMS | U5: 45 | V5: =sum(C5:U5) -> 45
A6: 2 | B6: JUBIFIX ACRO WHITE 450 GMS | V6: =sum(C6:U6) -> 0
A7: 3 | B7: JUBIFIX CONSTRO 360 GMS | V7: =sum(C7:U7) -> 0
A8: 4 | B8: JUBIFIX CRAXO 1KG | V8: =sum(C8:U8) -> 0
A9: 5 | B9: JUBIFIX CRAXO 500 GMS | V9: =sum(C9:U9) -> 0
A10: 6 | B10: JUBIFIX GP PRO BLACK 260 ML | V10: =sum(C10:U10) -> 0
A11: 7 | B11: JUBIFIX GP PRO CLEAR 260 ML | V11: =sum(C11:U11) -> 0
A12: 8 | B12: JUBIFIX GP PRO WHITE 260 ML | V12: =sum(C12:U12) -> 0
A13: 9 | B13: JUBIFIX GP ULTRA BLACK | V13: =sum(C13:U13) -> 0
A14: 10 | B14: JUBIFIX GP ULTRA CLEAR | V14: =sum(C14:U14) -> 0
A15: 11 | B15: JUBIFIX GP ULTRA WHITE | V15: =sum(C15:U15) -> 0
A16: 12 | B16: JUBIFIX NEUTRO BLACK 270 ML | V16: =sum(C16:U16) -> 0
A17: 13 | B17: JUBIFIX NEUTRO CLEAR 270 ML | V17: =sum(C17:U17) -> 0
... A93: 89 | B93: WATER JUG CPD | V93: =sum(C93:U93) -> 0
B94: Grand Total | C94: =SUM(C5:C93) -> 0 | D94: =SUM(D5:D93) -> 0 | E94: =SUM(E5:E93) -> 0 | F94: =SUM(F5:F93) -> 0 | G94: =SUM(G5:G93) -> 0 | H94: =SUM(H5:H93) -> 0 | I94: =SUM(I5:I93) -> 0 | J94: =SUM(J5:J93) -> 0 | ... U94: =SUM(U5:U93) -> 45 | V94: =sum(C94:U94) -> 45

Sheet Sales
B1: YASH ENTERPRISES | C1: JUBILANT
B2: Date
B3: DELIVERY CHALLAN NO | C3: 1 | D3: 2 | E3: 3 | F3: 4 | G3: 5 | H3: 6 | I3: 7 | J3: 8 | K3: 9 | L3: 10 | M3: 11 | N3: 12 | O3: 13 | P3: 14 | Q3: 15 | R3: 16 | S3: 17 | T3: 18 | U3: 19 | V3: 20 | W3: 21 | X3: 22 | Y3: 23 | Z3: 24 | AA3: 25 | AB3: 26 | AC3: 27 | AD3: 28 | AE3: 29 | AF3: 30
A4: Sr. No. | B4: Jubifix | C4: Qty | D4: Qty | E4: Qty | F4: Qty | G4: Qty | H4: Qty | I4: Qty | J4: Qty | K4: Qty | L4: Qty | M4: Qty | N4: Qty | O4: Qty | P4: Qty | Q4: Qty | R4: Qty | S4: Qty | T4: Qty | U4: Qty | V4: Qty | W4: Qty | X4: Qty | Y4: Qty | Z4: Qty | AA4: Qty | AB4: Qty | AC4: Qty | AD4: Qty | AE4: Qty | AF4: Qty | AG4: Grand Total | AH4: BASIC AMT
A5: 1 | B5: JUBIFIX ACRO BLACK 450 GMS | C5: 24 | H5: 120 | I5: 20 | AG5: =sum(C5:AF5) -> 164 | AH5: =AG5 *5.93 -> 972.52
A6: 2 | B6: JUBIFIX ACRO WHITE 450 GMS | H6: 48 | AG6: =sum(C6:AF6) -> 48 | AH6: =AG6 *63.5 -> 3048
A7: 3 | B7: JUBIFIX CONSTRO 360 GMS | AG7: =sum(C7:AF7) -> 0 | AH7: =AG7 *63.5 -> 0
A8: 4 | B8: JUBIFIX CRAXO 1KG | E8: 12 | AG8: =sum(C8:AF8) -> 12 | AH8: =AG8 *185.76 -> 2229.12
A9: 5 | B9: JUBIFIX CRAXO 500 GMS | AG9: =sum(C9:AF9) -> 0 | AH9: =AG9 *63.5 -> 0
A10: 6 | B10: JUBIFIX GP PRO BLACK 260 ML | AG10: =sum(C10:AF10) -> 0 | AH10: =AG10 *63.5 -> 0
A11: 7 | B11: JUBIFIX GP PRO CLEAR 260 ML | AG11: =sum(C11:AF11) -> 0 | AH11: =AG11 *63.5 -> 0
A12: 8 | B12: JUBIFIX GP PRO WHITE 260 ML | AG12: =sum(C12:AF12) -> 0 | AH12: =AG12 *63.5 -> 0
A13: 9 | B13: JUBIFIX GP ULTRA BLACK | AG13: =sum(C13:AF13) -> 0 | AH13: =AG13 *63.5 -> 0
A14: 10 | B14: JUBIFIX GP ULTRA CLEAR | AG14: =sum(C14:AF14) -> 0 | AH14: =AG14 *63.5 -> 0
A15: 11 | B15: JUBIFIX GP ULTRA WHITE | AG15: =sum(C15:AF15) -> 0 | AH15: =AG15 *63.5 -> 0
A16: 12 | B16: JUBIFIX NEUTRO BLACK 270 ML | AG16: =sum(C16:AF16) -> 0 | AH16: =AG16 *17.8 -> 0
A17: 13 | B17: JUBIFIX NEUTRO CLEAR 270 ML | AG17: =sum(C17:AF17) -> 0 | AH17: =AG17 *63.5 -> 0
A18: 14 | B18: JUBIFIX NEUTRO WHITE 270 ML | AG18: =sum(C18:AF18) -> 0 | AH18: =AG18 *63.5 -> 0
A19: 15 | B19: JUBIFIX PASTO 450 GM | AG19: =sum(C19:AF19) -> 0 | AH19: =AG19 *268.44 -> 0
A20: 16 | B20: JUBIFIX PU BLACK-600 ML | AG20: =sum(C20:AF20) -> 0 | AH20: =AG20 *63.5 -> 0
A21: 17 | B21: JUBIFIX WEATHO BLACK 270 ML | AG21: =sum(C21:AF21) -> 0 | AH21: =AG21 *33.9 -> 0
A22: 18 | B22: JUBIFIX WEATHO CLEAR 270 ML | AG22: =sum(C22:AF22) -> 0 | AH22: =AG22 *63.5 -> 0
A23: 19 | B23: JUBIFIX WEATHO WHITE 270 ML | AG23: =sum(C23:AF23) -> 0 | AH23: =AG23 *79.66 -> 0
A24: 20 | B24: BOTTLE GIFT SET | AG24: =sum(C24:AF24) -> 0 | AH24: =AG24 *63.5 -> 0
A25: 21 | B25: DUFFLE BAG | AG25: =sum(C25:AF25) -> 0 | AH25: =AG25 *63.5 -> 0
A26: 22 | B26: GIFT SET 5% | AG26: =sum(C26:AF26) -> 0 | AH26: =AG26 *63.5 -> 0
A27: 23 | B27: JUBI 90 (292 GM / 400 ML) | AG27: =sum(C27:AF27) -> 0 | AH27: =AG27 *63.5 -> 0
A28: 24 | B28: JUBI 90 - 32 GMS | G28: 20 | AG28: =sum(C28:AF28) -> 20 | AH28: =AG28 *63.5 -> 1270
A29: 25 | B29: JUBI 90 - 64 GMS | AG29: =sum(C29:AF29) -> 0 | AH29: =AG29 *63.5 -> 0
A30: 26 | B30: JUBIBOND ALL IN ONE 100 ML | D30: 12 | AG30: =sum(C30:AF30) -> 12 | AH30: =AG30 *63.5 -> 762
A31: 27 | B31: JUBIBOND ALL IN ONE 50 ML | D31: 12 | AG31: =sum(C31:AF31) -> 12 | AH31: =AG31 *61.82 -> 741.84
A32: 28 | B32: JUBIBOND CPVC 100 ML | D32: 12 | AG32: =sum(C32:AF32) -> 12 | AH32: =AG32 *63.5 -> 762
A33: 29 | B33: JUBIBOND CPVC 10 ML | AG33: =sum(C33:AF33) -> 0 | AH33: =AG33 *63.5 -> 0
A34: 30 | B34: JUBIBOND CPVC 200 ML | AG34: =sum(C34:AF34) -> 0 | AH34: =AG34 *75.6 -> 0
A35: 31 | B35: JUBIBOND CPVC 20 ML | AG35: =sum(C35:AF35) -> 0 | AH35: =AG35 *63.5 -> 0
A36: 32 | B36: JUBIBOND CPVC 50 ML | AG36: =sum(C36:AF36) -> 0 | AH36: =AG36 *63.5 -> 0
A37: 33 | B37: JUBIBOND PVC 100 ML | AG37: =sum(C37:AF37) -> 0 | AH37: =AG37 *63.5 -> 0
A38: 34 | B38: JUBIBOND PVC 200 ML | AG38: =sum(C38:AF38) -> 0 | AH38: =AG38 *63.5 -> 0
A39: 35 | B39: JUBIBOND PVC 50 ML | AG39: =sum(C39:AF39) -> 0 | AH39: =AG39 *580.5 -> 0
A40: 36 | B40: JUBIBOND PVC TUBE 10 ML | AG40: =sum(C40:AF40) -> 0 | AH40: =AG40 *63.5 -> 0
A41: 37 | B41: JUBIBOND UPVC 100 ML | AG41: =sum(C41:AF41) -> 0 | AH41: =AG41 *63.5 -> 0
A42: 38 | B42: JUBIBOND UPVC 1 LTR | AG42: =sum(C42:AF42) -> 0 | AH42: =AG42 *63.5 -> 0
A43: 39 | B43: JUBIBOND UPVC 200 ML | AG43: =sum(C43:AF43) -> 0 | AH43: =AG43 *63.5 -> 0
A44: 40 | B44: JUBIBOND UPVC 50 ML | AG44: =sum(C44:AF44) -> 0 | AH44: =AG44 *63.5 -> 0
A45: 41 | B45: JUBICLEAN 1 LTR | AG45: =sum(C45:AF45) -> 0 | AH45: =AG45 *63.5 -> 0
A46: 42 | B46: JUBICLEAN 500 ML | AG46: =sum(C46:AF46) -> 0 | AH46: =AG46 *63.5 -> 0
A47: 43 | B47: JUBICLEAN 5 LTR | AG47: =sum(C47:AF47) -> 0 | AH47: =AG47 *63.5 -> 0
A48: 44 | B48: JUBICLEAN BLASTO 40 GM | AG48: =sum(C48:AF48) -> 0 | AH48: =AG48 *63.5 -> 0
A49: 45 | B49: JUBIFAST 15 GM | AG49: =sum(C49:AF49) -> 0 | AH49: =AG49 *63.5 -> 0
A50: 46 | B50: JUBIFLEX 20 GMS | AG50: =sum(C50:AF50) -> 0 | AH50: =AG50 *171.18 -> 0
A51: 47 | B51: JUBIQUIK LV 111 20 GMS | I51: 300 | AG51: =sum(C51:AF51) -> 300 | AH51: =AG51 *788.4 -> 236520
A52: 48 | B52: JUBIQUIK LV 111 - 50 GM ( 120 PIC ) | AG52: =sum(C52:AF52) -> 0 | AH52: =AG52 *63.5 -> 0
A53: 49 | B53: JUBIQUIK MAESTRO 125 GM | AG53: =sum(C53:AF53) -> 0 | AH53: =AG53 *63.5 -> 0
A54: 50 | B54: JUBIQUIK MAESTRO 50GM | AG54: =sum(C54:AF54) -> 0 | AH54: =AG54 *22.88 -> 0
A55: 51 | B55: JUBISEAL RAPID 1 KG | AG55: =sum(C55:AF55) -> 0 | AH55: =AG55 *63.5 -> 0
A56: 52 | B56: JUBISEAL RAPID 25 GM ( 40 UNIT - 1 JAR) | AG56: =sum(C56:AF56) -> 0 | AH56: =AG56 *63.5 -> 0
A57: 53 | B57: JUBISEAL RAPID 25 GM (NOT IN USE) | AG57: =sum(C57:AF57) -> 0 | AH57: =AG57 *63.5 -> 0
A58: 54 | B58: JUBISEAL RAPID 60 GM ( 30 UNIT = 1 JAR) | AG58: =sum(C58:AF58) -> 0 | AH58: =AG58 *11.9 -> 0
A59: 55 | B59: JUBISEAL RAPID 60 GM (NOT IN USE) | AG59: =sum(C59:AF59) -> 0 | AH59: =AG59 *63.5 -> 0
A60: 56 | B60: JUBISEAL RAPID 90 GM (30 UNIT - 1 JAR) | AG60: =sum(C60:AF60) -> 0 | AH60: =AG60 *63.5 -> 0
A61: 57 | B61: JUBISEAL RAPID 90 GM (NOT IN USE) | AG61: =sum(C61:AF61) -> 0 | AH61: =AG61 *77.97 -> 0
A62: 58 | B62: JUBISEALRAPID WHITE 25 GM | F62: 120 | AG62: =sum(C62:AF62) -> 120 | AH62: =AG62 *63.5 -> 7620
A63: 59 | B63: JUBISEAL RAPID WHITE 60 GM | F63: 270 | AG63: =sum(C63:AF63) -> 270 | AH63: =AG63 *313.2 -> 84564
A64: 60 | B64: JUBISEALRAPID WHITE 90 GM | D64: 30 | AG64: =sum(C64:AF64) -> 30 | AH64: =AG64 *63.5 -> 1905
A65: 61 | B65: JUBITAPE TEFFO 10 Mtr | AG65: =sum(C65:AF65) -> 0 | AH65: =AG65 *63.5 -> 0
A66: 62 | B66: JUBITAPE TEFFO 5 Mtr | AG66: =sum(C66:AF66) -> 0 | AH66: =AG66 *63.5 -> 0
A67: 63 | B67: JUBITITE 1.8 KG | AG67: =sum(C67:AF67) -> 0 | AH67: =AG67 *63.5 -> 0
A68: 64 | B68: JUBITITE 450 GMS | AG68: =sum(C68:AF68) -> 0 | AH68: =AG68 *63.5 -> 0
A69: 65 | B69: JUBITITE 900 GMS | AG69: =sum(C69:AF69) -> 0 | AH69: =AG69 *271.19 -> 0
A70: 66 | B70: JUBITITE INSTA CLEAR 12 GMS | AG70: =sum(C70:AF70) -> 0 | AH70: =AG70 *63.5 -> 0
A71: 67 | B71: JUBITITE INSTA CLEAR 180 GMS | AG71: =sum(C71:AF71) -> 0 | AH71: =AG71 *63.5 -> 0
A72: 68 | B72: JUBITITE INSTA CLEAR 1 KG | AG72: =sum(C72:AF72) -> 0 | AH72: =AG72 *63.5 -> 0
A73: 69 | B73: JUBITITE INSTA CLEAR 36 GMS | AG73: =sum(C73:AF73) -> 0 | AH73: =AG73 *63.5 -> 0
A74: 70 | B74: JUBITITE INSTA CLEAR 450 GMS | AG74: =sum(C74:AF74) -> 0 | AH74: =AG74 *63.5 -> 0
A75: 71 | B75: JUBITITE INSTA CLEAR 90 GMS | AG75: =sum(C75:AF75) -> 0 | AH75: =AG75 *63.5 -> 0
A76: 72 | B76: JUBITITE NOT IN USE (1.8)XX | AG76: =sum(C76:AF76) -> 0 | AH76: =AG76 *63.5 -> 0
A77: 73 | B77: JUBITITE RESIN + HARDENER SET 450 GMS | AG77: =sum(C77:AF77) -> 0 | AH77: =AG77 *63.5 -> 0
A78: 74 | B78: JUBITITE TUBE PACK 13 GMS | AG78: =sum(C78:AF78) -> 0 | AH78: =AG78 *63.5 -> 0
A79: 75 | B79: JUBITITE TUBE PACK 180 GMS | AG79: =sum(C79:AF79) -> 0 | AH79: =AG79 *50.85 -> 0
A80: 76 | B80: JUBITITE TUBE PACK 36 GMS | AG80: =sum(C80:AF80) -> 0 | AH80: =AG80 *63.5 -> 0
A81: 77 | B81: JUBITITE TUBE PACK 90 GMS | AG81: =sum(C81:AF81) -> 0 | AH81: =AG81 *63.5 -> 0
A82: 78 | B82: JUBITITE UNO 1.8 KG | AG82: =sum(C82:AF82) -> 0 | AH82: =AG82 *63.5 -> 0
A83: 79 | B83: JUBITITE UNO 450 GM | AG83: =sum(C83:AF83) -> 0 | AH83: =AG83 *63.5 -> 0
A84: 80 | B84: MNT BROCHURES | AG84: =sum(C84:AF84) -> 0 | AH84: =AG84 *61.82 -> 0
A85: 81 | B85: MNT - CAP | AG85: =sum(C85:AF85) -> 0 | AH85: =AG85 *63.5 -> 0
A86: 82 | B86: MNT EASY CLICK PEN | AG86: =sum(C86:AF86) -> 0 | AH86: =AG86 *63.5 -> 0
A87: 83 | B87: MNT ESTIMATE PAD | AG87: =sum(C87:AF87) -> 0 | AH87: =AG87 *63.5 -> 0
A88: 84 | B88: MNT JUBIFIX ACRO POSTERS | AG88: =sum(C88:AF88) -> 0 | AH88: =AG88 *63.5 -> 0
A89: 85 | B89: MNT JUBIQUICK L V 11 POSTER | AG89: =sum(C89:AF89) -> 0 | AH89: =AG89 *63.5 -> 0
A90: 86 | B90: MNT JUBITITE INSTA CLEAR POSTERS | AG90: =sum(C90:AF90) -> 0 | AH90: =AG90 *63.5 -> 0
A91: 87 | B91: POCKET DIARIES | AG91: =sum(C91:AF91) -> 0 | AH91: =AG91 *63.5 -> 0
A92: 88 | B92: SEALANT GUN | AG92: =sum(C92:AF92) -> 0 | AH92: =AG92 *63.5 -> 0
A93: 89 | B93: WATER JUG CPD | AG93: =sum(C93:AF93) -> 0 | AH93: =AG93 *42.37 -> 0
B94: Grand Total | C94: =SUM(C5:C93) -> 24 | D94: =SUM(D5:D93) -> 66 | E94: =SUM(E5:E93) -> 12 | F94: =SUM(F5:F93) -> 390 | G94: =SUM(G5:G93) -> 20 | H94: =SUM(H5:H93) -> 168 | I94: =SUM(I5:I93) -> 320 | J94: =SUM(J5:J93) -> 0 | ... AI94: =SUM(AI5:AI93) -> 0

Sheet JUBILANT STOCK APRIL 26
B1: YASH ENTERPRISES
B2: JUBILANT STOCK APRIL 2026
A3: Sr. No. | B3: Jubifix | C3: Opening Quantity | D3: Purchases | E3: Sales | F3: Balance
A4: 1 | B4: JUBIFIX ACRO BLACK 450 GMS | C4: 47 | D4: =Purchases!V24 -> 0 | E4: =Sales!AG5 -> 164 | F4: =C4+D4-E4 -> -117
A5: 2 | B5: JUBIFIX ACRO WHITE 450 GMS | C5: 30 | D5: =Purchases!V25 -> 0 | E5: =Sales!AG6 -> 48 | F5: =C5+D5-E5 -> -18
A6: 3 | B6: JUBIFIX CONSTRO 360 GMS | D6: =Purchases!V26 -> 0 | E6: =Sales!AG7 -> 0 | F6: =C6+D6-E6 -> 0
A7: 4 | B7: JUBIFIX CRAXO 1KG | C7: 509 | D7: =Purchases!V28 -> 0 | E7: =Sales!AG8 -> 12 | F7: =C7+D7-E7 -> 497
A8: 5 | B8: JUBIFIX CRAXO 500 GMS | C8: 25 | D8: =Purchases!V29 -> 0 | E8: =Sales!AG9 -> 0 | F8: =C8+D8-E8 -> 25
A9: 6 | B9: JUBIFIX GP PRO BLACK 260 ML | D9: =Purchases!V27 -> 0 | E9: =Sales!AG10 -> 0 | F9: =C9+D9-E9 -> 0
A10: 7 | B10: JUBIFIX GP PRO CLEAR 260 ML | C10: 288 | D10: =Purchases!V30 -> 0 | E10: =Sales!AG11 -> 0 | F10: =C10+D10-E10 -> 288
A11: 8 | B11: JUBIFIX GP PRO WHITE 260 ML | C11: 336 | D11: =Purchases!V31 -> 0 | E11: =Sales!AG12 -> 0 | F11: =C11+D11-E11 -> 336
A12: 9 | B12: JUBIFIX GP ULTRA BLACK | C12: 425 | D12: =Purchases!V33 -> 0 | E12: =Sales!AG13 -> 0 | F12: =C12+D12-E12 -> 425
A13: 10 | B13: JUBIFIX GP ULTRA CLEAR | C13: 68 | D13: =Purchases!V32 -> 0 | E13: =Sales!AG14 -> 0 | F13: =C13+D13-E13 -> 68
A14: 11 | B14: JUBIFIX GP ULTRA WHITE | C14: 475 | D14: =Purchases!V35 -> 0 | E14: =Sales!AG15 -> 0 | F14: =C14+D14-E14 -> 475
A15: 12 | B15: JUBIFIX NEUTRO BLACK 270 ML | C15: 96 | D15: =Purchases!V34 -> 0 | E15: =Sales!AG16 -> 0 | F15: =C15+D15-E15 -> 96
A16: 13 | B16: JUBIFIX NEUTRO CLEAR 270 ML | C16: 168 | D16: =Purchases!V36 -> 0 | E16: =Sales!AG17 -> 0 | F16: =C16+D16-E16 -> 168
A17: 14 | B17: JUBIFIX NEUTRO WHITE 270 ML | D17: =Purchases!V37 -> 0 | E17: =Sales!AG18 -> 0 | F17: =C17+D17-E17 -> 0
A18: 15 | B18: JUBIFIX PASTO 450 GM | D18: =Purchases!V38 -> 0 | E18: =Sales!AG19 -> 0 | F18: =C18+D18-E18 -> 0
A19: 16 | B19: JUBIFIX PU BLACK-600 ML | C19: 48 | D19: =Purchases!V39 -> 0 | E19: =Sales!AG20 -> 0 | F19: =C19+D19-E19 -> 48
A20: 17 | B20: JUBIFIX WEATHO BLACK 270 ML | C20: 400 | D20: =Purchases!V40 -> 0 | E20: =Sales!AG21 -> 0 | F20: =C20+D20-E20 -> 400
A21: 18 | B21: JUBIFIX WEATHO CLEAR 270 ML | D21: =Purchases!V42 -> 0 | E21: =Sales!AG22 -> 0 | F21: =C21+D21-E21 -> 0
A22: 19 | B22: JUBIFIX WEATHO WHITE 270 ML | D22: =Purchases!V41 -> 0 | E22: =Sales!AG23 -> 0 | F22: =C22+D22-E22 -> 0
A23: 20 | B23: BOTTLE GIFT SET | D23: =Purchases!V43 -> 0 | E23: =Sales!AG24 -> 0 | F23: =C23+D23-E23 -> 0
A24: 21 | B24: DUFFLE BAG | C24: 96 | D24: =Purchases!V44 -> 0 | E24: =Sales!AG25 -> 0 | F24: =C24+D24-E24 -> 96
A25: 22 | B25: GIFT SET 5% | C25: 50 | D25: =Purchases!V45 -> 0 | E25: =Sales!AG26 -> 0 | F25: =C25+D25-E25 -> 50
A26: 23 | B26: JUBI 90 (292 GM / 400 ML) | C26: 8 | D26: =Purchases!V47 -> 0 | E26: =Sales!AG27 -> 0 | F26: =C26+D26-E26 -> 8
A27: 24 | B27: JUBI 90 - 32 GMS | C27: 94 | D27: =Purchases!V46 -> 0 | E27: =Sales!AG28 -> 20 | F27: =C27+D27-E27 -> 74
A28: 25 | B28: JUBI 90 - 64 GMS | C28: 600 | D28: =Purchases!V48 -> 0 | E28: =Sales!AG29 -> 0 | F28: =C28+D28-E28 -> 600
A29: 26 | B29: JUBIBOND ALL IN ONE 100 ML | C29: 125 | D29: =Purchases!V49 -> 0 | E29: =Sales!AG30 -> 12 | F29: =C29+D29-E29 -> 113
A30: 27 | B30: JUBIBOND ALL IN ONE 50 ML | C30: 768 | D30: =Purchases!V5 -> 45 | E30: =Sales!AG31 -> 12 | F30: =C30+D30-E30 -> 801
A31: 28 | B31: JUBIBOND CPVC 100 ML | C31: 1003 | D31: =Purchases!V6 -> 0 | E31: =Sales!AG32 -> 12 | F31: =C31+D31-E31 -> 991
A32: 29 | B32: JUBIBOND CPVC 10 ML | C32: 197 | D32: =Purchases!V7 -> 0 | E32: =Sales!AG33 -> 0 | F32: =C32+D32-E32 -> 197
A33: 30 | B33: JUBIBOND CPVC 200 ML | C33: 24 | D33: =Purchases!V8 -> 0 | E33: =Sales!AG34 -> 0 | F33: =C33+D33-E33 -> 24
A34: 31 | B34: JUBIBOND CPVC 20 ML | C34: 7 | D34: =Purchases!V9 -> 0 | E34: =Sales!AG35 -> 0 | F34: =C34+D34-E34 -> 7
A35: 32 | B35: JUBIBOND CPVC 50 ML | C35: 120 | D35: =Purchases!V10 -> 0 | E35: =Sales!AG36 -> 0 | F35: =C35+D35-E35 -> 120
A36: 33 | B36: JUBIBOND PVC 100 ML | C36: 312 | D36: =Purchases!V11 -> 0 | E36: =Sales!AG37 -> 0 | F36: =C36+D36-E36 -> 312
A37: 34 | B37: JUBIBOND PVC 200 ML | C37: 120 | D37: =Purchases!V12 -> 0 | E37: =Sales!AG38 -> 0 | F37: =C37+D37-E37 -> 120
A38: 35 | B38: JUBIBOND PVC 50 ML | C38: 96 | D38: =Purchases!V13 -> 0 | E38: =Sales!AG39 -> 0 | F38: =C38+D38-E38 -> 96
A39: 36 | B39: JUBIBOND PVC TUBE 10 ML | D39: =Purchases!V14 -> 0 | E39: =Sales!AG40 -> 0 | F39: =C39+D39-E39 -> 0
A40: 37 | B40: JUBIBOND UPVC 100 ML | C40: 76 | D40: =Purchases!V15 -> 0 | E40: =Sales!AG41 -> 0 | F40: =C40+D40-E40 -> 76
A41: 38 | B41: JUBIBOND UPVC 1 LTR | C41: 72 | D41: =Purchases!V16 -> 0 | E41: =Sales!AG42 -> 0 | F41: =C41+D41-E41 -> 72
A42: 39 | B42: JUBIBOND UPVC 200 ML | C42: 24 | D42: =Purchases!V17 -> 0 | E42: =Sales!AG43 -> 0 | F42: =C42+D42-E42 -> 24
A43: 40 | B43: JUBIBOND UPVC 50 ML | C43: 72 | D43: =Purchases!V18 -> 0 | E43: =Sales!AG44 -> 0 | F43: =C43+D43-E43 -> 72
A44: 41 | B44: JUBICLEAN 1 LTR | C44: 190 | D44: =Purchases!V19 -> 0 | E44: =Sales!AG45 -> 0 | F44: =C44+D44-E44 -> 190
A45: 42 | B45: JUBICLEAN 500 ML | C45: 16 | D45: =Purchases!V20 -> 0 | E45: =Sales!AG46 -> 0 | F45: =C45+D45-E45 -> 16
A46: 43 | B46: JUBICLEAN 5 LTR | C46: 576 | D46: =Purchases!V21 -> 0 | E46: =Sales!AG47 -> 0 | F46: =C46+D46-E46 -> 576
A47: 44 | B47: JUBICLEAN BLASTO 40 GM | C47: 96 | D47: =Purchases!V22 -> 0 | E47: =Sales!AG48 -> 0 | F47: =C47+D47-E47 -> 96
A48: 45 | B48: JUBIFAST 15 GM | C48: 96 | D48: =Purchases!V23 -> 0 | E48: =Sales!AG49 -> 0 | F48: =C48+D48-E48 -> 96
A49: 46 | B49: JUBIFLEX 20 GMS | C49: 200 | D49: =Purchases!V50 -> 0 | E49: =Sales!AG50 -> 0 | F49: =C49+D49-E49 -> 200
A50: 47 | B50: JUBIQUIK LV 111 20 GMS | C50: 600 | D50: =Purchases!V52 -> 0 | E50: =Sales!AG51 -> 300 | F50: =C50+D50-E50 -> 300
A51: 48 | B51: JUBIQUIK LV 111 - 50 GM ( 120 PIC ) | C51: 2850 | D51: =Purchases!V51 -> 0 | E51: =Sales!AG52 -> 0 | F51: =C51+D51-E51 -> 2850
A52: 49 | B52: JUBIQUIK MAESTRO 125 GM | D52: =Purchases!V53 -> 0 | E52: =Sales!AG53 -> 0 | F52: =C52+D52-E52 -> 0
A53: 50 | B53: JUBIQUIK MAESTRO 50GM | D53: =Purchases!V54 -> 0 | E53: =Sales!AG54 -> 0 | F53: =C53+D53-E53 -> 0
A54: 51 | B54: JUBISEAL RAPID 1 KG | C54: 60 | D54: =Purchases!V55 -> 0 | E54: =Sales!AG55 -> 0 | F54: =C54+D54-E54 -> 60
A55: 52 | B55: JUBISEAL RAPID 25 GM ( 40 UNIT - 1 JAR) | C55: 1560 | D55: =Purchases!V56 -> 0 | E55: =Sales!AG56 -> 0 | F55: =C55+D55-E55 -> 1560
A56: 53 | B56: JUBISEAL RAPID 25 GM (NOT IN USE) | D56: =Purchases!V57 -> 0 | E56: =Sales!AG57 -> 0 | F56: =C56+D56-E56 -> 0
A57: 54 | B57: JUBISEAL RAPID 60 GM ( 30 UNIT = 1 JAR) | C57: 1140 | D57: =Purchases!V58 -> 0 | E57: =Sales!AG58 -> 0 | F57: =C57+D57-E57 -> 1140
A58: 55 | B58: JUBISEAL RAPID 60 GM (NOT IN USE) | D58: =Purchases!V59 -> 0 | E58: =Sales!AG59 -> 0 | F58: =C58+D58-E58 -> 0
A59: 56 | B59: JUBISEAL RAPID 90 GM (30 UNIT - 1 JAR) | C59: 1421 | D59: =Purchases!V60 -> 0 | E59: =Sales!AG60 -> 0 | F59: =C59+D59-E59 -> 1421
A60: 57 | B60: JUBISEAL RAPID 90 GM (NOT IN USE) | D60: =Purchases!V61 -> 0 | E60: =Sales!AG61 -> 0 | F60: =C60+D60-E60 -> 0
A61: 58 | B61: JUBISEALRAPID WHITE 25 GM | C61: 540 | D61: =Purchases!V63 -> 0 | E61: =Sales!AG62 -> 120 | F61: =C61+D61-E61 -> 420
A62: 59 | B62: JUBISEAL RAPID WHITE 60 GM | C62: 1000 | D62: =Purchases!V62 -> 0 | E62: =Sales!AG63 -> 270 | F62: =C62+D62-E62 -> 730
A63: 60 | B63: JUBISEALRAPID WHITE 90 GM | C63: 450 | D63: =Purchases!V64 -> 0 | E63: =Sales!AG64 -> 30 | F63: =C63+D63-E63 -> 420
A64: 61 | B64: JUBITAPE TEFFO 10 Mtr | C64: 7220 | D64: =Purchases!V65 -> 0 | E64: =Sales!AG65 -> 0 | F64: =C64+D64-E64 -> 7220
A65: 62 | B65: JUBITAPE TEFFO 5 Mtr | D65: =Purchases!V66 -> 0 | E65: =Sales!AG66 -> 0 | F65: =C65+D65-E65 -> 0
A66: 63 | B66: JUBITITE 1.8 KG | C66: 236 | D66: =Purchases!V67 -> 0 | E66: =Sales!AG67 -> 0 | F66: =C66+D66-E66 -> 236
A67: 64 | B67: JUBITITE 450 GMS | C67: 117 | D67: =Purchases!V68 -> 0 | E67: =Sales!AG68 -> 0 | F67: =C67+D67-E67 -> 117
A68: 65 | B68: JUBITITE 900 GMS | C68: 7 | D68: =Purchases!V69 -> 0 | E68: =Sales!AG69 -> 0 | F68: =C68+D68-E68 -> 7
A69: 66 | B69: JUBITITE INSTA CLEAR 12 GMS | C69: 13 | D69: =Purchases!V72 -> 0 | E69: =Sales!AG70 -> 0 | F69: =C69+D69-E69 -> 13
A70: 67 | B70: JUBITITE INSTA CLEAR 180 GMS | C70: 118 | D70: =Purchases!V70 -> 0 | E70: =Sales!AG71 -> 0 | F70: =C70+D70-E70 -> 118
A71: 68 | B71: JUBITITE INSTA CLEAR 1 KG | C71: 110 | D71: =Purchases!V71 -> 0 | E71: =Sales!AG72 -> 0 | F71: =C71+D71-E71 -> 110
A72: 69 | B72: JUBITITE INSTA CLEAR 36 GMS | C72: 121 | D72: =Purchases!V73 -> 0 | E72: =Sales!AG73 -> 0 | F72: =C72+D72-E72 -> 121
A73: 70 | B73: JUBITITE INSTA CLEAR 450 GMS | C73: 193 | D73: =Purchases!V74 -> 0 | E73: =Sales!AG74 -> 0 | F73: =C73+D73-E73 -> 193
A74: 71 | B74: JUBITITE INSTA CLEAR 90 GMS | C74: 91 | D74: =Purchases!V75 -> 0 | E74: =Sales!AG75 -> 0 | F74: =C74+D74-E74 -> 91
A75: 72 | B75: JUBITITE NOT IN USE (1.8)XX | D75: =Purchases!V76 -> 0 | E75: =Sales!AG76 -> 0 | F75: =C75+D75-E75 -> 0
A76: 73 | B76: JUBITITE RESIN + HARDENER SET 450 GMS | D76: =Purchases!V77 -> 0 | E76: =Sales!AG77 -> 0 | F76: =C76+D76-E76 -> 0
A77: 74 | B77: JUBITITE TUBE PACK 13 GMS | C77: 171 | D77: =Purchases!V78 -> 0 | E77: =Sales!AG78 -> 0 | F77: =C77+D77-E77 -> 171
A78: 75 | B78: JUBITITE TUBE PACK 180 GMS | C78: 260 | D78: =Purchases!V79 -> 0 | E78: =Sales!AG79 -> 0 | F78: =C78+D78-E78 -> 260
A79: 76 | B79: JUBITITE TUBE PACK 36 GMS | C79: 119 | D79: =Purchases!V80 -> 0 | E79: =Sales!AG80 -> 0 | F79: =C79+D79-E79 -> 119
A80: 77 | B80: JUBITITE TUBE PACK 90 GMS | C80: 406 | D80: =Purchases!V81 -> 0 | E80: =Sales!AG81 -> 0 | F80: =C80+D80-E80 -> 406
A81: 78 | B81: JUBITITE UNO 1.8 KG | C81: 6 | D81: =Purchases!V82 -> 0 | E81: =Sales!AG82 -> 0 | F81: =C81+D81-E81 -> 6
A82: 79 | B82: JUBITITE UNO 450 GM | C82: 16 | D82: =Purchases!V83 -> 0 | E82: =Sales!AG83 -> 0 | F82: =C82+D82-E82 -> 16
A83: 80 | B83: MNT BROCHURES | C83: 20 | D83: =Purchases!V85 -> 0 | E83: =Sales!AG84 -> 0 | F83: =C83+D83-E83 -> 20
A84: 81 | B84: MNT - CAP | C84: 20 | D84: =Purchases!V84 -> 0 | E84: =Sales!AG85 -> 0 | F84: =C84+D84-E84 -> 20
A85: 82 | B85: MNT EASY CLICK PEN | C85: 240 | D85: =Purchases!V86 -> 0 | E85: =Sales!AG86 -> 0 | F85: =C85+D85-E85 -> 240
A86: 83 | B86: MNT ESTIMATE PAD | C86: 260 | D86: =Purchases!V87 -> 0 | E86: =Sales!AG87 -> 0 | F86: =C86+D86-E86 -> 260
A87: 84 | B87: MNT JUBIFIX ACRO POSTERS | C87: 16 | D87: =Purchases!V88 -> 0 | E87: =Sales!AG88 -> 0 | F87: =C87+D87-E87 -> 16
A88: 85 | B88: MNT JUBIQUICK L V 11 POSTER | C88: 48 | D88: =Purchases!V89 -> 0 | E88: =Sales!AG89 -> 0 | F88: =C88+D88-E88 -> 48
A89: 86 | B89: MNT JUBITITE INSTA CLEAR POSTERS | C89: 48 | D89: =Purchases!V90 -> 0 | E89: =Sales!AG90 -> 0 | F89: =C89+D89-E89 -> 48
A90: 87 | B90: POCKET DIARIES | C90: 80 | D90: =Purchases!V91 -> 0 | E90: =Sales!AG91 -> 0 | F90: =C90+D90-E90 -> 80
A91: 88 | B91: SEALANT GUN | C91: 225 | D91: =Purchases!V92 -> 0 | E91: =Sales!AG92 -> 0 | F91: =C91+D91-E91 -> 225
A92: 89 | B92: WATER JUG CPD | C92: 36 | D92: =Purchases!V93 -> 0 | E92: =Sales!AG93 -> 0 | F92: =C92+D92-E92 -> 36
B93: Grand Total

Sheet Sheet2

Sheet JUBILANT
A1: YASH ENTERPRISES
A2: 52/1, Rupa Bhavani Road,
A3: In Front of Rupa Bhavani Water Works,
A4: Bhavani Peth, SOLAPUR - 413 002
A5: JUBILANT
A6: Stock Group Summary
A7: 1-Apr-25 to 4-Apr-26
B8: JUBILANT
B9: YASH ENTERPRISES - 2024-25
A10: Particulars | B10: 1-Apr-25 to 4-Apr-26
B11: Closing Balance
B12: Quantity | C12: Rate | D12: Value
A13: Jubifix | D13: 335157.32
A14: JUBIFIX ACRO BLACK 450 GMS | B14: 768 | C14: 53.67 | D14: 41220.5
A15: JUBIFIX ACRO WHITE 450 GMS | B15: 1003 | C15: 53.01 | D15: 53166.33
A16: JUBIFIX CONSTRO 360 GMS | B16: 197 | C16: 116.67 | D16: 22983.99
A17: JUBIFIX CRAXO 1KG | B17: 24 | C17: 225.85 | D17: 5420.33
A18: JUBIFIX CRAXO 500 GMS | B18: 7 | C18: 122.79 | D18: 859.53
A19: JUBIFIX GP PRO BLACK 260 ML | B19: 120 | C19: 76 | D19: 9120.15
A20: JUBIFIX GP PRO CLEAR 260 ML | B20: 312 | C20: 76.14 | D20: 23755.22
A21: JUBIFIX GP PRO WHITE 260 ML | B21: 120 | C21: 76 | D21: 9120.15
A22: JUBIFIX GP ULTRA BLACK | B22: 96 | C22: 78.2 | D22: 7507.2
A23: JUBIFIX GP ULTRA CLEAR
A24: JUBIFIX GP ULTRA WHITE | B24: 76 | C24: 78.2 | D24: 5943.2
A25: JUBIFIX NEUTRO BLACK 270 ML | B25: 72 | C25: 102 | D25: 7344
A26: JUBIFIX NEUTRO CLEAR 270 ML | B26: 24 | C26: 108.86 | D26: 2612.57
A27: JUBIFIX NEUTRO WHITE 270 ML | B27: 72 | C27: 105 | D27: 7560
A28: JUBIFIX PASTO 450 GM | B28: 190 | C28: 207.31 | D28: 39389.79
A29: JUBIFIX PU BLACK-600 ML | B29: 16 | C29: 250 | D29: 4000
A30: JUBIFIX WEATHO BLACK 270 ML | B30: 576 | C30: 125.84 | D30: 72483.59
A31: JUBIFIX WEATHO CLEAR 270 ML | B31: 96 | C31: 121.15 | D31: 11630.77
A32: JUBIFIX WEATHO WHITE 270 ML | B32: 96 | C32: 115 | D32: 11040
A33: BOTTLE GIFT SET | B33: 47 | C33: 1 | D33: 47
A34: DUFFLE BAG | B34: 30 | C34: 1 | D34: 30
A35: GIFT SET 5%
A36: JUBI 90 (292 GM / 400 ML)
A37: JUBI 90 - 32 GMS | B37: 509 | C37: 40.66 | D37: 20698.12
A38: JUBI 90 - 64 GMS | B38: 25 | C38: 60.28 | D38: 1506.99
A39: JUBIBOND ALL IN ONE 100 ML | B39: 288 | C39: 70.43 | D39: 20282.83
A40: JUBIBOND ALL IN ONE 50 ML | B40: 336 | C40: 38.99 | D40: 13099.03
A41: JUBIBOND CPVC 100 ML | B41: 68 | C41: 79.58 | D41: 5411.58
A42: JUBIBOND CPVC 10 ML | B42: 425 | C42: 8.6 | D42: 3655
A43: JUBIBOND CPVC 200 ML | B43: 96 | C43: 132.54 | D43: 12724.26
A44: JUBIBOND CPVC 20 ML | B44: 475 | C44: 16.4 | D44: 7790
A45: JUBIBOND CPVC 50 ML | B45: 168 | C45: 48.86 | D45: 8207.72
A46: JUBIBOND PVC 100 ML
A47: JUBIBOND PVC 200 ML
A48: JUBIBOND PVC 50 ML | B48: 48 | C48: 25.73 | D48: 1235.15
A49: JUBIBOND PVC TUBE 10 ML | B49: 400 | C49: 5.4 | D49: 2160
A50: JUBIBOND UPVC 100 ML
A51: JUBIBOND UPVC 1 LTR
A52: JUBIBOND UPVC 200 ML
A53: JUBIBOND UPVC 50 ML | B53: 96 | C53: 37.03 | D53: 3554.84
A54: JUBICLEAN 1 LTR | B54: 50 | C54: 73.9 | D54: 3695.2
A55: JUBICLEAN 500 ML | B55: 94 | C55: 49.9 | D55: 4690.61
A56: JUBICLEAN 5 LTR | B56: 8 | C56: 308.5 | D56: 2468
A57: JUBICLEAN BLASTO 40 GM | B57: 600 | C57: 10.3 | D57: 6180
A58: JUBIFAST 15 GM | B58: 125 | C58: 21.05 | D58: 2631.25
A59: JUBIFLEX 20 GMS | B59: 200 | C59: 23.23 | D59: 4646
A60: JUBIQUIK LV 111 20 GMS | B60: 2850 | C60: 29 | D60: 82655.9
A61: JUBIQUIK LV 111 - 50 GM ( 120 PIC ) | B61: 600 | C61: 61.91 | D61: 37145.45
A62: JUBIQUIK MAESTRO 125 GM
A63: JUBIQUIK MAESTRO 50GM
A64: JUBISEAL RAPID 1 KG | B64: 60 | C64: 147.92 | D64: 8875.2
A65: JUBISEAL RAPID 25 GM ( 40 UNIT - 1 JAR) | B65: 1560 | C65: 5.54 | D65: 8639.55
A66: JUBISEAL RAPID 25 GM (NOT IN USE)
A67: JUBISEAL RAPID 60 GM ( 30 UNIT = 1 JAR) | B67: 1140 | C67: 11.09 | D67: 12644.04
A68: JUBISEAL RAPID 60 GM (NOT IN USE)
A69: JUBISEAL RAPID 90 GM (30 UNIT - 1 JAR) | B69: 1421 | C69: 15.78 | D69: 22425.1
A70: JUBISEAL RAPID 90 GM (NOT IN USE)
A71: JUBISEALRAPID WHITE 25 GM | B71: 1000 | C71: 5.51 | D71: 5513.75
A72: JUBISEAL RAPID WHITE 60 GM | B72: 540 | C72: 11.03 | D72: 5958.51
A73: JUBISEALRAPID WHITE 90 GM | B73: 450 | C73: 15.94 | D73: 7174.8
A74: JUBITAPE TEFFO 10 Mtr | B74: 7220 | C74: 8.01 | D74: 57863.9
A75: JUBITAPE TEFFO 5 Mtr
A76: JUBITITE 1.8 KG | B76: 236 | C76: 640.82 | D76: 151233.43
A77: JUBITITE 450 GMS | B77: 117 | C77: 265.13 | D77: 31020.68
A78: JUBITITE 900 GMS | B78: 7 | C78: 396.31 | D78: 2774.19
A79: JUBITITE INSTA CLEAR 12 GMS | B79: 118 | C79: 35.08 | D79: 4139.57
A80: JUBITITE INSTA CLEAR 180 GMS | B80: 110 | C80: 238.25 | D80: 26207.62
A81: JUBITITE INSTA CLEAR 1 KG | B81: 13 | C81: 901.67 | D81: 11721.67
A82: JUBITITE INSTA CLEAR 36 GMS | B82: 121 | C82: 73.56 | D82: 8901
A83: JUBITITE INSTA CLEAR 450 GMS | B83: 193 | C83: 484.25 | D83: 93459.85
A84: JUBITITE INSTA CLEAR 90 GMS | B84: 91 | C84: 146.82 | D84: 13360.78
A85: JUBITITE NOT IN USE (1.8)XX
A86: JUBITITE RESIN + HARDENER SET 450 GMS
A87: JUBITITE TUBE PACK 13 GMS | B87: 171 | C87: 25.92 | D87: 4432.81
A88: JUBITITE TUBE PACK 180 GMS | B88: 260 | C88: 150.8 | D88: 39207.77
A89: JUBITITE TUBE PACK 36 GMS | B89: 119 | C89: 44.49 | D89: 5294.78
A90: JUBITITE TUBE PACK 90 GMS | B90: 406 | C90: 91.52 | D90: 37158.82
A91: JUBITITE UNO 1.8 KG | B91: 6 | C91: 580 | D91: 3480
A92: JUBITITE UNO 450 GM | B92: 16 | C92: 265 | D92: 4240
A93: MNT BROCHURES | B93: 20 | C93: 1 | D93: 20
A94: MNT - CAP | B94: 20 | C94: 1 | D94: 20
A95: MNT EASY CLICK PEN | B95: 240 | C95: 1 | D95: 240
A96: MNT ESTIMATE PAD | B96: 260 | C96: 1 | D96: 260
A97: MNT JUBIFIX ACRO POSTERS | B97: 16 | C97: 1 | D97: 16
A98: MNT JUBIQUICK L V 11 POSTER | B98: 48 | C98: 1 | D98: 48
... A102: WATER JUG CPD | B102: 36 | C102: 1 | D102: 36
A103: Grand Total | D103: 1146393.1

Sheet Sheet3
A1: Content | B1: Type | C1: Details | D1: Owner | E1: Status | F1: Post date | G1: File | H1: Notes
B2: Email | E2: New
B3: Social media | E3: In progress
B4: TV | E4: Under review
B5: Blog post | E5: Published
B6: All | E6: Suspended
E7: Paused

Sheet Sheet4
A1: Feature | B1: Category | C1: Status | D1: Owner | E1: Size | F1: Launch | G1: Notes
B2: Category 1 | C2: Not started | E2: XS | F2: Q1
B3: Category 2 | C3: In progress | E3: S | F3: Q2
B4: Category 3 | C4: Blocked | E4: M | F4: Q3
B5: Category 4 | C5: Launched | E5: L | F5: Q4
E6: XL
E7: XXL

Sheet Sheet5
A1: Feature | B1: Category | C1: Status | D1: Owner | E1: Size | F1: Launch | G1: Notes
B2: Category 1 | C2: Not started | E2: XS | F2: Q1
B3: Category 2 | C3: In progress | E3: S | F3: Q2
B4: Category 3 | C4: Blocked | E4: M | F4: Q3
B5: Category 4 | C5: Launched | E5: L | F5: Q4
E6: XL
E7: XXL

Sheet Sheet6
A1: Applicant | B1: Stage | C1: Role | D1: Team | E1: Resume | F1: Interviewer | G1: Score | H1: Notes
B2: Hire | D2: Team 1 | G2: 0
B3: Interviewing | D3: Team 2 | G3: 0
B4: Decision needed | D4: Team 3 | G4: 0
B5: No hire | D5: Team 4 | G5: 0
G6: 0
G7: 0
G8: 0
G9: 0
G10: 0
G11: 0
G12: 0
G13: 0
G14: 0
G15: 0

Sheet Sheet7
A1: Task | B1: Status | C1: Owner | D1: Stage | E1: Due date | F1: Notes
B2: Not started | D2: Pre-event
B3: In progress | D3: Day of
B4: Blocked | D4: Post-event
B5: Completed
